Number of packages received,Response time [ms]
1,34
2,32
3,31
4,32
5,33
6,31
7,31
8,31
9,31
10,32
11,31
12,31
13,31
14,30
15,31
16,30
17,32
18,31
19,31
20,31
21,30
22,31
23,31
24,30
25,30
26,31
27,31
28,30
29,31
30,31
31,31
32,31
33,31
34,32
35,31
36,31
37,31
38,31
39,31
40,31
41,31
42,31
43,31
44,31
45,31
46,30
47,31
48,31
49,31
50,30
51,30
52,30
53,30
54,31
55,31
56,30
57,31
58,31
59,31
60,31
61,31
62,30
63,31
64,31
65,31
66,31
67,31
68,31
69,30
70,30
71,31
72,30
73,31
74,31
75,31
76,31
77,31
78,31
79,31
80,30
81,31
82,31
83,31
84,31
85,31
86,31
87,30
88,31
89,31
90,31
91,31
92,31
93,32
94,31
95,31
96,31
97,31
98,31
99,31
100,31
101,31
102,31
103,30
104,31
105,30
106,37
107,37
108,37
109,36
110,37
111,37
112,37
113,37
114,37
115,37
116,37
117,37
118,37
119,37
120,37
121,36
122,37
123,36
124,37
125,38
126,37
127,37
128,37
129,37
130,37
131,37
132,37
133,36
134,37
135,37
136,37
137,37
138,36
139,38
140,37
141,37
142,36
143,37
144,37
145,37
146,37
147,37
148,36
149,37
150,36
151,38
152,38
153,37
154,37
155,37
156,37
157,37
158,37
159,37
160,36
161,37
162,37
163,36
164,37
165,37
166,36
167,37
168,37
169,37
170,37
171,37
172,43
173,43
174,43
175,43
176,43
177,43
178,44
179,43
180,43
181,43
182,43
183,43
184,43
185,43
186,43
187,43
188,43
189,43
190,43
191,43
192,43
193,43
194,43
195,43
196,43
197,42
198,43
199,43
200,43
201,43
202,42
203,43
204,43
205,43
206,43
207,43
208,43
209,43
210,43
211,42
212,43
213,43
214,42
215,43
216,43
217,43
218,42
219,44
220,43
221,43
222,43
223,43
224,43
225,43
226,44
227,43
228,43
229,43
230,43
231,42
232,43
233,43
234,43
235,43
236,42
237,43
238,43
239,42
240,43
241,42
242,43
243,43
244,43
245,43
246,43
247,43
248,43
249,43
250,43
251,43
252,43
253,43
254,43
255,43
256,42
257,44
258,43
259,43
260,43
261,43
262,43
263,43
264,43
265,43
266,42
267,42
268,42
269,43
270,44
271,43
272,43
273,43
274,43
275,43
276,43
277,43
278,43
279,43
280,43
281,41
282,31
283,31
284,30
285,30
286,31
287,31
288,31
289,31
290,30
291,30
292,31
293,31
294,30
295,31
296,31
297,31
298,31
299,31
300,31
301,31
302,31
303,31
304,30
305,31
306,30
307,31
308,31
309,31
310,31
311,31
312,30
313,31
314,30
315,30
316,30
317,30
318,31
319,30
320,30
321,30
322,30
323,31
324,31
325,31
326,31
327,30
328,31
329,31
330,31
331,31
332,30
333,30
334,31
335,31
336,31
337,31
338,31
339,32
340,31
341,31
342,31
343,31
344,31
345,31
346,31
347,31
348,31
349,30
350,31
351,31
352,31
353,31
354,31
355,31
356,31
357,31
358,31
359,32
360,31
361,31
362,31
363,31
364,31
365,31
366,32
367,31
368,31
369,32
370,32
371,32
372,31
373,31
374,37
375,43
376,43
377,43
378,43
379,43
380,43
381,43
382,43
383,43
384,43
385,43
386,43
387,43
388,43
389,43
390,43
391,43
392,43
393,43
394,43
395,43
396,44
397,43
398,44
399,43
400,43
401,43
402,43
403,43
404,43
405,43
406,43
407,43
408,43
409,43
410,43
411,43
412,43
413,44
414,43
415,43
416,43
417,43
418,37
419,37
420,38
421,37
422,37
423,37
424,37
425,37
426,37
427,38
428,37
429,37
430,37
431,37
432,37
433,38
434,37
435,37
436,37
437,37
438,37
439,38
440,37
441,37
442,37
443,37
444,37
445,37
446,38
447,38
448,36
449,37
450,38
451,37
452,37
453,37
454,37
455,37
456,37
457,38
458,37
459,37
460,37
461,37
462,37
463,38
464,38
465,37
466,37
467,38
468,37
469,38
470,38
471,37
472,37
473,37
474,37
475,37
476,37
477,37
478,37
479,37
480,37
481,37
482,36
483,36
484,37
485,38
486,37
487,37
488,37
489,37
490,38
491,37
492,36
493,31
494,32
495,31
496,31
497,31
498,31
499,31
500,31
501,31
502,31
503,31
504,31
505,31
506,31
507,31
508,32
509,32
510,31
511,32
512,32
513,31
514,31
515,31
516,31
517,31
518,31
519,32
520,31
521,31
522,31
523,31
524,31
525,31
526,31
527,31
528,31
529,31
530,31
531,32
532,31
533,31
534,31
535,32
536,32
537,31
538,31
539,31
540,32
541,31
542,32
543,31
544,31
545,32
546,31
547,31
548,32
549,31
550,31
551,31
552,31
553,32
554,32
555,31
556,31
557,31
558,31
559,31
560,31
561,32
562,31
563,31
564,31
565,37
566,37
567,37
568,37
569,38
570,37
571,37
572,37
573,37
574,37
575,37
576,37
577,37
578,38
579,37
580,38
581,37
582,37
583,37
584,37
585,37
586,37
587,37
588,38
589,37
590,37
591,38
592,37
593,37
594,37
595,38
596,37
597,37
598,37
599,37
600,37
601,37
602,37
603,37
604,37
605,37
606,37
607,37
608,37
609,38
610,38
611,37
612,38
613,37
614,37
615,37
616,38
617,37
618,37
619,37
620,37
621,38
622,38
623,37
624,37
625,37
626,37
627,37
628,37
629,38
630,37
631,37
632,37
633,37
634,37
635,37
636,37
637,37
638,36
639,32
640,31
641,31
642,31
643,31
644,30
645,31
646,31
647,31
648,31
649,31
650,31
651,31
652,31
653,31
654,30
655,31
656,30
657,31
658,31
659,31
660,31
661,31
662,31
663,31
664,31
665,31
666,31
667,31
668,31
669,31
670,31
671,32
672,31
673,31
674,31
675,31
676,31
677,31
678,31
679,31
680,31
681,31
682,31
683,31
684,31
685,31
686,30
687,30
688,31
689,31
690,31
691,31
692,31
693,30
694,30
695,30
696,31
697,30
698,31
699,31
700,31
701,30
702,31
703,31
704,31
705,31
706,30
707,31
708,30
709,30
710,31
711,30
712,30
713,31
714,31
715,31
716,31
717,31
718,31
719,31
720,31
721,31
722,32
723,31
724,31
725,32
726,31
727,31
728,31
729,31
730,31
731,31
732,31
733,31
734,31
735,31
736,31
737,31
738,32
739,31
740,31
741,31
742,31
743,31
744,32
745,31
746,31
747,31
748,31
749,31
750,31
751,31
752,31
753,31
754,31
755,31
756,31
757,31
758,37
759,37
760,37
761,37
762,37
763,36
764,37
765,37
766,37
767,37
768,37
769,37
770,37
771,37
772,37
773,37
774,37
775,37
776,37
777,37
778,37
779,37
780,37
781,37
782,37
783,37
784,37
785,37
786,37
787,37
788,37
789,37
790,37
791,37
792,37
793,38
794,37
795,37
796,37
797,37
798,38
799,37
800,36
801,32
802,31
803,32
804,31
805,31
806,31
807,31
808,31
809,31
810,31
811,31
812,31
813,31
814,31
815,31
816,31
817,31
818,31
819,31
820,31
821,31
822,31
823,31
824,32
825,32
826,31
827,31
828,31
829,31
830,31
831,31
832,31
833,31
834,31
835,31
836,32
837,32
838,31
839,31
840,31
841,31
842,31
843,31
844,32
845,31
846,32
847,31
848,31
849,31
850,31
851,32
852,31
853,31
854,31
855,31
856,31
857,31
858,31
859,32
860,31
861,31
862,31
863,32
864,31
865,32
866,31
867,31
868,31
869,31
870,31
871,31
872,31
873,32
874,31
875,32
876,31
877,31
878,31
879,31
880,31
881,31
882,31
883,31
884,31
885,31
886,31
887,31
888,31
889,31
890,31
891,32
892,34
893,37
894,37
895,37
896,37
897,37
898,38
899,37
900,37
901,37
902,37
903,37
904,37
905,37
906,37
907,37
908,38
909,37
910,38
911,37
912,37
913,37
914,37
915,37
916,37
917,37
918,38
919,37
920,37
921,38
922,37
923,38
924,37
925,37
926,37
927,37
928,38
929,38
930,37
931,37
932,37
933,37
934,37
935,37
936,37
937,37
938,37
939,38
940,37
941,37
942,37
943,37
944,37
945,38
946,37
947,37
948,37
949,37
950,38
951,37
952,37
953,37
954,37
955,37
956,37
957,37
958,37
959,37
960,37
961,38
962,37
963,37
964,37
965,37
966,38
967,37
968,37
969,37
970,37
971,37
972,38
973,37
974,37
975,37
976,36
977,37
978,37
979,37
980,38
981,37
982,37
983,38
984,37
985,38
986,37
987,38
988,38
989,37
990,37
991,37
992,38
993,37
994,37
995,37
996,37
997,37
998,36
999,37
1000,37
1001,38
1002,37
1003,37
1004,37
1005,37
1006,38
1007,37
1008,37
1009,37
1010,38
1011,37
1012,37
1013,37
1014,37
1015,37
1016,37
1017,37
1018,37
1019,37
1020,37
1021,37
1022,37
1023,37
1024,37
1025,37
1026,37
1027,37
1028,37
1029,37
1030,37
1031,40
1032,43
1033,43
1034,43
1035,43
1036,43
1037,43
1038,43
1039,44
1040,43
1041,43
1042,43
1043,43
1044,43
1045,44
1046,44
1047,43
1048,43
1049,43
1050,31
1051,31
1052,32
1053,31
1054,31
1055,31
1056,31
1057,31
1058,31
1059,31
1060,31
1061,31
1062,32
1063,31
1064,31
1065,31
1066,31
1067,31
1068,31
1069,31
1070,31
1071,31
1072,31
1073,31
1074,31
1075,31
1076,31
1077,31
1078,31
1079,31
1080,31
1081,31
1082,31
1083,31
1084,31
1085,44
1086,43
1087,43
1088,43
1089,43
1090,43
1091,43
1092,43
1093,44
1094,43
1095,44
1096,43
1097,43
1098,43
1099,43
1100,43
1101,43
1102,43
1103,43
1104,43
1105,43
1106,43
1107,43
1108,43
1109,44
1110,43
1111,43
1112,44
1113,43
1114,43
1115,44
1116,43
1117,43
1118,43
1119,42
1120,43
1121,43
1122,42
1123,43
1124,43
1125,42
1126,43
1127,43
1128,43
1129,44
1130,43
1131,43
1132,43
1133,43
1134,43
1135,43
1136,43
1137,43
1138,43
1139,43
1140,43
1141,43
1142,43
1143,44
1144,43
1145,43
1146,43
1147,43
1148,43
1149,43
1150,43
1151,43
1152,43
1153,44
1154,43
1155,43
1156,43
1157,42
1158,42
1159,43
1160,43
1161,43
1162,43
1163,43
1164,43
1165,43
1166,43
1167,43
1168,43
1169,43
1170,43
1171,44
1172,43
1173,43
1174,43
1175,44
1176,43
1177,44
1178,43
1179,43
1180,43
1181,43
1182,43
1183,44
1184,43
1185,43
1186,43
1187,43
1188,43
1189,44
1190,43
1191,43
1192,43
1193,43
1194,43
1195,43
1196,43
1197,43
1198,43
1199,43
1200,44
1201,43
1202,43
1203,43
1204,43
1205,43
1206,43
1207,43
1208,43
1209,43
1210,43
1211,43
1212,31
1213,31
1214,31
1215,31
1216,31
1217,31
1218,31
1219,31
1220,31
1221,32
1222,32
1223,31
1224,31
1225,31
1226,32
1227,31
1228,32
1229,31
1230,31
1231,31
1232,31
1233,31
1234,31
1235,31
1236,31
1237,31
1238,31
1239,31
1240,31
1241,31
1242,31
1243,31
1244,31
1245,31
1246,31
1247,31
1248,31
1249,31
1250,31
1251,31
1252,31
1253,31
1254,31
1255,31
1256,31
1257,31
1258,31
1259,31
1260,31
1261,31
1262,31
1263,39
1264,43
1265,43
1266,43
1267,43
1268,43
1269,43
1270,43
1271,43
1272,43
1273,43
1274,44
1275,43
1276,43
1277,43
1278,43
1279,44
1280,43
1281,43
1282,43
1283,43
1284,43
1285,43
1286,43
1287,43
1288,43
1289,43
1290,43
1291,43
1292,43
1293,43
1294,43
1295,43
1296,43
1297,44
1298,43
1299,43
1300,43
1301,43
1302,43
1303,43
1304,43
1305,43
1306,42
1307,43
1308,43
1309,43
1310,43
1311,44
1312,43
1313,44
1314,44
1315,43
1316,44
1317,43
1318,43
1319,43
1320,44
1321,43
1322,43
1323,44
1324,44
1325,43
1326,43
1327,43
1328,43
1329,43
1330,43
1331,44
1332,43
1333,43
1334,43
1335,43
1336,43
1337,43
1338,44
1339,43
1340,43
1341,43
1342,43
1343,43
1344,43
1345,43
1346,43
1347,43
1348,43
1349,37
1350,37
1351,37
1352,37
1353,36
1354,37
1355,37
1356,37
1357,37
1358,37
1359,37
1360,37
1361,37
1362,37
1363,37
1364,37
1365,37
1366,37
1367,37
1368,37
1369,37
1370,37
1371,38
1372,38
1373,37
1374,37
1375,37
1376,38
1377,37
1378,37
1379,37
1380,37
1381,37
1382,38
1383,37
1384,37
1385,37
1386,38
1387,37
1388,38
1389,37
1390,37
1391,38
1392,37
1393,37
1394,37
1395,37
1396,37
1397,37
1398,37
1399,37
1400,37
1401,37
1402,37
1403,37
1404,37
1405,37
1406,37
1407,31
1408,31
1409,31
1410,31
1411,32
1412,31
1413,31
1414,31
1415,31
1416,31
1417,31
1418,31
1419,31
1420,31
1421,31
1422,31
1423,31
1424,31
1425,31
1426,31
1427,31
1428,31
1429,31
1430,32
1431,31
1432,31
1433,31
1434,31
1435,31
1436,31
1437,31
1438,31
1439,31
1440,31
1441,31
1442,31
1443,32
1444,31
1445,31
1446,31
1447,31
1448,31
1449,31
1450,31
1451,31
1452,31
1453,31
1454,32
1455,32
1456,31
1457,31
1458,31
1459,30
1460,30
1461,31
1462,31
1463,31
1464,31
1465,31
1466,31
1467,31
1468,31
1469,31
1470,31
1471,31
1472,31
1473,31
1474,31
1475,31
1476,31
1477,31
1478,31
1479,31
1480,31
1481,31
1482,31
1483,31
1484,31
1485,31
1486,32
1487,32
1488,31
1489,31
1490,31
1491,31
1492,31
1493,31
1494,31
1495,31
1496,31
1497,31
1498,31
1499,31
1500,31
1501,31
1502,31
1503,31
1504,31
1505,31
1506,31
1507,31
1508,31
1509,31
1510,31
1511,31
1512,31
1513,31
1514,31
1515,31
1516,31
1517,31
1518,31
1519,32
1520,31
1521,31
1522,31
1523,31
1524,31
1525,30
1526,31
1527,31
1528,31
1529,31
1530,30
1531,31
1532,31
1533,30
1534,31
1535,32
1536,37
1537,37
1538,38
1539,36
1540,36
1541,37
1542,37
1543,37
1544,37
1545,37
1546,37
1547,36
1548,37
1549,37
1550,37
1551,36
1552,37
1553,37
1554,37
1555,37
1556,37
1557,37
1558,37
1559,37
1560,37
1561,37
1562,37
1563,38
1564,38
1565,37
1566,37
1567,37
1568,37
1569,37
1570,37
1571,37
1572,37
1573,37
1574,37
1575,37
1576,37
1577,37
1578,37
1579,37
1580,37
1581,37
1582,37
1583,37
1584,37
1585,37
1586,37
1587,37
1588,37
1589,36
1590,37
1591,37
1592,37
1593,38
1594,37
1595,37
1596,37
1597,37
1598,37
1599,37
1600,37
1601,37
1602,37
1603,37
1604,38
1605,37
1606,38
1607,37
1608,37
1609,37
1610,37
1611,37
1612,37
1613,37
1614,37
1615,37
1616,37
1617,37
1618,37
1619,38
1620,37
1621,37
1622,37
1623,39
1624,43
1625,43
1626,43
1627,43
1628,43
1629,43
1630,43
1631,43
1632,43
1633,43
1634,43
1635,43
1636,43
1637,43
1638,43
1639,43
1640,44
1641,43
1642,42
1643,43
1644,43
1645,43
1646,43
1647,43
1648,43
1649,43
1650,31
1651,31
1652,31
1653,31
1654,31
1655,31
1656,31
1657,31
1658,30
1659,32
1660,31
1661,31
1662,31
1663,31
1664,31
1665,31
1666,31
1667,31
1668,31
1669,31
1670,31
1671,31
1672,31
1673,31
1674,31
1675,31
1676,30
1677,31
1678,31
1679,31
1680,31
1681,31
1682,31
1683,31
1684,31
1685,31
1686,31
1687,31
1688,31
1689,31
1690,31
1691,31
1692,31
1693,31
1694,31
1695,31
1696,31
1697,31
1698,31
1699,31
1700,31
1701,32
1702,31
1703,31
1704,31
1705,31
1706,31
1707,31
1708,31
1709,32
1710,32
1711,31
1712,31
1713,31
1714,31
1715,31
1716,32
1717,31
1718,31
1719,31
1720,31
1721,32
1722,31
1723,31
1724,31
1725,31
1726,31
1727,31
1728,31
1729,31
1730,31
1731,31
1732,31
1733,32
1734,31
1735,31
1736,31
1737,31
1738,31
1739,31
1740,31
1741,31
1742,31
1743,31
1744,31
1745,31
1746,31
1747,31
1748,31
1749,31
1750,31
1751,32
1752,31
1753,31
1754,31
1755,31
1756,31
1757,31
1758,31
1759,31
1760,31
1761,31
1762,31
1763,31
1764,31
1765,31
1766,31
1767,31
1768,31
1769,31
1770,31
1771,31
1772,31
1773,31
1774,31
1775,31
1776,31
1777,31
1778,31
1779,30
1780,31
1781,31
1782,31
1783,31
1784,31
1785,31
1786,31
1787,31
1788,31
1789,31
1790,31
1791,31
1792,31
1793,31
1794,31
1795,31
1796,31
1797,31
1798,32
1799,31
1800,31
1801,31
1802,31
1803,31
1804,31
1805,31
1806,31
1807,31
1808,31
1809,31
1810,31
1811,31
1812,31
1813,31
1814,31
1815,31
1816,31
1817,31
1818,31
1819,31
1820,31
1821,31
1822,32
1823,30
1824,31
1825,31
1826,31
1827,31
1828,31
1829,31
1830,30
1831,31
1832,31
1833,31
1834,31
1835,31
1836,31
1837,31
1838,32
1839,31
1840,30
1841,31
1842,31
1843,31
1844,31
1845,30
1846,32
1847,31
1848,31
1849,31
1850,31
1851,31
1852,31
1853,31
1854,31
1855,31
1856,31
1857,31
1858,31
1859,31
1860,31
1861,30
1862,43
1863,43
1864,43
1865,42
1866,43
1867,42
1868,43
1869,43
1870,42
1871,43
1872,43
1873,43
1874,43
1875,43
1876,43
1877,43
1878,43
1879,42
1880,43
1881,43
1882,43
1883,43
1884,43
1885,43
1886,43
1887,43
1888,43
1889,43
1890,43
1891,42
1892,43
1893,43
1894,42
1895,43
1896,42
1897,43
1898,43
1899,42
1900,43
1901,43
1902,42
1903,43
1904,42
1905,43
1906,43
1907,42
1908,43
1909,43
1910,43
1911,42
1912,43
1913,43
1914,43
1915,43
1916,43
1917,43
1918,44
1919,44
1920,43
1921,42
1922,42
1923,43
1924,43
1925,43
1926,43
1927,43
1928,43
1929,43
1930,43
1931,43
1932,43
1933,43
1934,43
1935,43
1936,43
1937,43
1938,43
1939,43
1940,43
1941,42
1942,37
1943,37
1944,37
1945,37
1946,37
1947,37
1948,37
1949,37
1950,36
1951,37
1952,37
1953,37
1954,36
1955,37
1956,36
1957,37
1958,36
1959,37
1960,37
1961,37
1962,37
1963,37
1964,37
1965,37
1966,37
1967,37
1968,37
1969,37
1970,37
1971,37
1972,37
1973,37
1974,37
1975,37
1976,37
1977,37
1978,37
1979,37
1980,37
1981,38
1982,37
1983,37
1984,37
1985,37
1986,38
1987,37
1988,37
1989,36
1990,37
1991,37
1992,37
1993,38
1994,37
1995,37
1996,37
1997,37
1998,38
1999,37
2000,37
2001,37
2002,37
2003,38
2004,37
2005,37
2006,37
2007,37
2008,37
2009,37
2010,37
2011,37
2012,37
2013,37
2014,37
2015,37
2016,37
2017,37
2018,37
2019,37
2020,38
2021,37
2022,37
2023,37
2024,37
2025,37
2026,37
2027,37
2028,37
2029,37
2030,37
2031,37
2032,38
2033,37
2034,37
2035,37
2036,37
2037,37
2038,37
2039,37
2040,38
2041,37
2042,37
2043,37
2044,37
2045,37
2046,36
2047,36
2048,37
2049,37
2050,37
2051,36
2052,36
2053,36
2054,37
2055,37
2056,37
2057,37
2058,37
2059,37
2060,36
2061,37
2062,37
2063,36
2064,37
2065,43
2066,43
2067,43
2068,43
2069,43
2070,43
2071,43
2072,43
2073,43
2074,43
2075,44
2076,43
2077,43
2078,43
2079,43
2080,43
2081,44
2082,43
2083,43
2084,43
2085,43
2086,43
2087,43
2088,43
2089,43
2090,43
2091,43
2092,43
2093,43
2094,43
2095,43
2096,43
2097,43
2098,43
2099,43
2100,43
2101,44
2102,43
2103,43
2104,43
2105,43
2106,43
2107,43
2108,43
2109,43
2110,43
2111,43
2112,43
2113,43
2114,43
2115,43
2116,43
2117,43
2118,43
2119,42
2120,43
2121,43
2122,44
2123,43
2124,43
2125,43
2126,43
2127,43
2128,43
2129,43
2130,43
2131,43
2132,43
2133,43
2134,43
2135,43
2136,43
2137,43
2138,43
2139,43
2140,55
2141,43
2142,43
2143,43
2144,43
2145,43
2146,31
2147,31
2148,31
2149,31
2150,31
2151,31
2152,31
2153,31
2154,31
2155,31
2156,31
2157,31
2158,31
2159,31
2160,31
2161,31
2162,31
2163,31
2164,31
2165,31
2166,31
2167,31
2168,31
2169,31
2170,31
2171,31
2172,30
2173,31
2174,31
2175,31
2176,31
2177,31
2178,31
2179,31
2180,31
2181,31
2182,31
2183,30
2184,31
2185,31
2186,31
2187,31
2188,31
2189,31
2190,31
2191,31
2192,31
2193,30
2194,31
2195,31
2196,31
2197,31
2198,30
2199,31
2200,31
2201,32
2202,31
2203,31
2204,31
2205,31
2206,30
2207,31
2208,31
2209,31
2210,31
2211,31
2212,31
2213,30
2214,31
2215,31
2216,31
2217,31
2218,31
2219,31
2220,31
2221,31
2222,31
2223,31
2224,31
2225,31
2226,31
2227,31
2228,31
2229,31
2230,31
2231,31
2232,31
2233,32
2234,31
2235,31
2236,31
2237,31
2238,31
2239,31
2240,31
2241,31
2242,31
2243,31
2244,31
2245,31
2246,31
2247,31
2248,31
2249,31
2250,31
2251,38
2252,37
2253,37
2254,37
2255,37
2256,37
2257,37
2258,37
2259,37
2260,37
2261,37
2262,37
2263,37
2264,37
2265,37
2266,37
2267,37
2268,37
2269,37
2270,37
2271,37
2272,37
2273,37
2274,37
2275,37
2276,37
2277,37
2278,37
2279,37
2280,37
2281,37
2282,37
2283,37
2284,37
2285,37
2286,37
2287,37
2288,37
2289,37
2290,37
2291,37
2292,37
2293,37
2294,36
2295,37
2296,37
2297,37
2298,37
2299,37
2300,37
2301,37
2302,37
2303,37
2304,37
2305,37
2306,37
2307,37
2308,37
2309,37
2310,37
2311,37
2312,37
2313,37
2314,37
2315,36
2316,37
2317,37
2318,37
2319,37
2320,37
2321,37
2322,37
2323,37
2324,37
2325,37
2326,37
2327,37
2328,37
2329,37
2330,31
2331,31
2332,30
2333,31
2334,31
2335,30
2336,31
2337,31
2338,31
2339,30
2340,31
2341,31
2342,31
2343,31
2344,31
2345,31
2346,31
2347,31
2348,31
2349,31
2350,30
2351,30
2352,31
2353,31
2354,30
2355,31
2356,31
2357,31
2358,31
2359,31
2360,31
2361,31
2362,31
2363,31
2364,31
2365,31
2366,31
2367,31
2368,31
2369,31
2370,30
2371,31
2372,31
2373,30
2374,31
2375,30
2376,31
2377,31
2378,31
2379,31
2380,31
2381,31
2382,31
2383,31
2384,31
2385,31
2386,31
2387,31
2388,31
2389,31
2390,31
2391,31
2392,30
2393,31
2394,31
2395,30
2396,31
2397,31
2398,31
2399,31
2400,31
2401,31
2402,31
2403,31
2404,31
2405,31
2406,31
2407,31
2408,30
2409,30
2410,31
2411,30
2412,31
2413,31
2414,30
2415,30
2416,31
2417,31
2418,31
2419,31
2420,31
2421,31
2422,31
2423,31
2424,31
2425,31
2426,31
2427,31
2428,31
2429,31
2430,31
2431,31
2432,31
2433,31
2434,31
2435,31
2436,31
2437,31
2438,31
2439,31
2440,31
2441,31
2442,31
2443,31
2444,31
2445,30
2446,30
2447,31
2448,31
2449,30
2450,31
2451,30
2452,31
2453,31
2454,31
2455,30
2456,30
2457,31
2458,31
2459,30
2460,31
2461,31
2462,30
2463,30
2464,31
2465,31
2466,31
2467,31
2468,31
2469,31
2470,31
2471,31
2472,31
2473,30
2474,31
2475,31
2476,31
2477,30
2478,31
2479,31
2480,31
2481,31
2482,31
2483,31
2484,31
2485,32
2486,31
2487,31
2488,31
2489,31
2490,31
2491,31
2492,43
2493,43
2494,43
2495,43
2496,43
2497,43
2498,43
2499,43
2500,43
2501,43
2502,43
2503,43
2504,43
2505,43
2506,42
2507,43
2508,43
2509,43
2510,43
2511,42
2512,43
2513,43
2514,43
2515,43
2516,43
2517,43
2518,37
2519,37
2520,37
2521,36
2522,37
2523,37
2524,37
2525,37
2526,36
2527,37
2528,37
2529,37
2530,36
2531,37
2532,37
2533,37
2534,37
2535,37
2536,37
2537,37
2538,37
2539,37
2540,36
2541,37
2542,37
2543,36
2544,37
2545,33
2546,31
2547,31
2548,30
2549,30
2550,30
2551,30
2552,31
2553,31
2554,31
2555,31
2556,31
2557,31
2558,31
2559,31
2560,31
2561,31
2562,31
2563,31
2564,31
2565,31
2566,31
2567,31
2568,31
2569,31
2570,31
2571,31
2572,31
2573,31
2574,31
2575,31
2576,31
2577,30
2578,31
2579,30
2580,31
2581,31
2582,32
2583,30
2584,31
2585,31
2586,31
2587,31
2588,31
2589,31
2590,31
2591,30
2592,31
2593,31
2594,31
2595,31
2596,31
2597,31
2598,31
2599,31
2600,31
2601,31
2602,31
2603,31
2604,31
2605,31
2606,31
2607,31
2608,31
2609,31
2610,31
2611,31
2612,31
2613,30
2614,31
2615,31
2616,31
2617,31
2618,31
2619,31
2620,31
2621,31
2622,31
2623,31
2624,31
2625,31
2626,31
2627,31
2628,31
2629,31
2630,31
2631,31
2632,32
2633,31
2634,31
2635,31
2636,31
2637,32
2638,31
2639,31
2640,32
2641,31
2642,37
2643,37
2644,37
2645,38
2646,37
2647,37
2648,37
2649,37
2650,36
2651,37
2652,37
2653,37
2654,37
2655,37
2656,37
2657,38
2658,37
2659,37
2660,37
2661,37
2662,37
2663,37
2664,37
2665,37
2666,37
2667,37
2668,37
2669,37
2670,37
2671,37
2672,37
2673,37
2674,37
2675,37
2676,37
2677,37
2678,37
2679,38
2680,37
2681,37
2682,37
2683,37
2684,37
2685,38
2686,37
2687,37
2688,37
2689,37
2690,37
2691,37
2692,37
2693,37
2694,37
2695,37
2696,37
2697,37
2698,37
2699,37
2700,37
2701,38
2702,37
2703,37
2704,37
2705,37
2706,37
2707,37
2708,37
2709,37
2710,37
2711,37
2712,37
2713,37
2714,37
2715,37
2716,37
2717,31
2718,31
2719,31
2720,31
2721,31
2722,31
2723,31
2724,31
2725,31
2726,31
2727,31
2728,31
2729,31
2730,31
2731,32
2732,31
2733,31
2734,32
2735,32
2736,31
2737,31
2738,31
2739,31
2740,31
2741,31
2742,31
2743,31
2744,31
2745,31
2746,31
2747,31
2748,31
2749,31
2750,31
2751,31
2752,31
2753,31
2754,31
2755,31
2756,31
2757,31
2758,31
2759,31
2760,31
2761,31
2762,31
2763,31
2764,31
2765,31
2766,32
2767,31
2768,31
2769,31
2770,31
2771,31
2772,31
2773,31
2774,31
2775,31
2776,32
2777,31
2778,31
2779,31
2780,31
2781,31
2782,31
2783,31
2784,31
2785,31
2786,31
2787,32
2788,31
2789,31
2790,31
2791,31
2792,30
2793,30
2794,31
2795,31
2796,31
2797,31
2798,31
2799,32
2800,30
2801,31
2802,31
2803,31
2804,31
2805,31
2806,31
2807,31
2808,31
2809,31
2810,31
2811,37
2812,37
2813,37
2814,37
2815,37
2816,37
2817,37
2818,37
2819,36
2820,37
2821,37
2822,37
2823,37
2824,37
2825,38
2826,37
2827,37
2828,37
2829,37
2830,37
2831,37
2832,37
2833,37
2834,37
2835,37
2836,37
2837,37
2838,37
2839,37
2840,37
2841,37
2842,37
2843,37
2844,37
2845,37
2846,37
2847,37
2848,37
2849,37
2850,37
2851,37
2852,37
2853,37
2854,37
2855,37
2856,37
2857,37
2858,37
2859,37
2860,37
2861,37
2862,37
2863,37
2864,37
2865,37
2866,37
2867,37
2868,37
2869,37
2870,37
2871,37
2872,37
2873,37
2874,37
2875,37
2876,37
2877,38
2878,38
2879,37
2880,37
2881,37
2882,37
2883,38
2884,37
2885,37
2886,37
2887,37
2888,37
2889,37
2890,37
2891,37
2892,37
2893,36
2894,37
2895,37
2896,37
2897,37
2898,36
2899,37
2900,38
2901,37
2902,37
2903,37
2904,37
2905,37
2906,37
2907,37
2908,37
2909,37
2910,37
2911,37
2912,37
2913,37
2914,37
2915,37
2916,37
2917,37
2918,37
2919,37
2920,37
2921,37
2922,37
2923,37
2924,37
2925,37
2926,38
2927,37
2928,37
2929,37
2930,37
2931,37
2932,37
2933,38
2934,37
2935,37
2936,37
2937,37
2938,37
2939,37
2940,37
2941,37
2942,37
2943,37
2944,37
2945,37
2946,37
2947,37
2948,38
2949,37
2950,37
2951,37
2952,37
2953,37
2954,37
2955,38
2956,37
2957,37
2958,37
2959,37
2960,37
2961,37
2962,37
2963,37
2964,38
2965,37
2966,38
2967,37
2968,37
2969,37
2970,37
2971,37
2972,37
2973,37
2974,37
2975,37
2976,37
2977,37
2978,37
2979,37
2980,37
2981,37
2982,37
2983,37
2984,37
2985,37
2986,37
2987,37
2988,37
2989,37
2990,37
2991,37
2992,37
2993,37
2994,37
2995,37
2996,37
2997,37
2998,37
2999,36
3000,37
3001,37
3002,37
3003,37
3004,37
3005,37
3006,37
3007,37
3008,37
3009,37
3010,37
3011,37
3012,37
3013,37
3014,37
3015,37
3016,37
3017,37
3018,37
3019,38
3020,37
3021,37
3022,36
3023,37
3024,37
3025,37
3026,36
3027,37
3028,37
3029,37
3030,37
3031,37
3032,37
3033,37
3034,36
3035,37
3036,38
3037,38
3038,37
3039,37
3040,38
3041,37
3042,37
3043,37
3044,37
3045,37
3046,37
3047,37
3048,37
3049,37
3050,37
3051,36
3052,37
3053,37
3054,37
3055,37
3056,37
3057,37
3058,37
3059,37
3060,37
3061,37
3062,37
3063,37
3064,37
3065,37
3066,37
3067,37
3068,37
3069,37
3070,37
3071,36
3072,37
3073,37
3074,37
3075,37
3076,36
3077,37
3078,38
3079,37
3080,36
3081,37
3082,37
3083,37
3084,37
3085,37
3086,37
3087,38
3088,37
3089,37
3090,37
3091,38
3092,38
3093,37
3094,37
3095,37
3096,37
3097,37
3098,37
3099,37
3100,37
3101,37
3102,37
3103,37
3104,37
3105,37
3106,37
3107,37
3108,37
3109,36
3110,38
3111,43
3112,42
3113,43
3114,42
3115,43
3116,43
3117,43
3118,44
3119,43
3120,43
3121,43
3122,43
3123,43
3124,43
3125,43
3126,43
3127,43
3128,35
3129,32
3130,31
3131,31
3132,32
3133,31
3134,31
3135,31
3136,31
3137,31
3138,31
3139,31
3140,31
3141,31
3142,31
3143,31
3144,31
3145,31
3146,32
3147,32
3148,31
3149,31
3150,31
3151,31
3152,31
3153,31
3154,31
3155,31
3156,31
3157,31
3158,31
3159,31
3160,32
3161,31
3162,31
3163,31
3164,30
3165,32
3166,36
3167,37
3168,36
3169,37
3170,37
3171,37
3172,37
3173,37
3174,37
3175,37
3176,37
3177,37
3178,37
3179,37
3180,37
3181,37
3182,37
3183,37
3184,37
3185,37
3186,37
3187,37
3188,36
3189,37
3190,37
3191,31
3192,31
3193,31
3194,31
3195,31
3196,31
3197,31
3198,31
3199,31
3200,31
3201,31
3202,31
3203,32
3204,31
3205,31
3206,31
3207,31
3208,31
3209,32
3210,31
3211,31
3212,31
3213,31
3214,31
3215,31
3216,31
3217,31
3218,31
3219,31
3220,31
3221,31
3222,31
3223,31
3224,31
3225,31
3226,31
3227,31
3228,31
3229,31
3230,31
3231,31
3232,37
3233,37
3234,37
3235,37
3236,37
3237,37
3238,37
3239,37
3240,37
3241,37
3242,37
3243,37
3244,37
3245,37
3246,37
3247,38
3248,37
3249,37
3250,37
3251,37
3252,37
3253,37
3254,37
3255,37
3256,37
3257,37
3258,37
3259,37
3260,37
3261,37
3262,37
3263,37
3264,37
3265,37
3266,37
3267,37
3268,37
3269,37
3270,37
3271,37
3272,37
3273,37
3274,37
3275,37
3276,37
3277,37
3278,37
3279,37
3280,37
3281,37
3282,37
3283,37
3284,37
3285,37
3286,37
3287,37
3288,37
3289,37
3290,37
3291,37
3292,37
3293,37
3294,37
3295,37
3296,37
3297,37
3298,37
3299,37
3300,38
3301,37
3302,39
3303,43
3304,43
3305,43
3306,43
3307,43
3308,43
3309,43
3310,42
3311,43
3312,43
3313,43
3314,43
3315,43
3316,43
3317,43
3318,44
3319,43
3320,43
3321,43
3322,43
3323,43
3324,43
3325,43
3326,43
3327,43
3328,43
3329,43
3330,43
3331,43
3332,43
3333,43
3334,43
3335,43
3336,43
3337,43
3338,43
3339,43
3340,43
3341,43
3342,43
3343,43
3344,44
3345,43
3346,43
3347,43
3348,43
3349,43
3350,43
3351,43
3352,43
3353,43
3354,43
3355,43
3356,43
3357,43
3358,43
3359,43
3360,43
3361,43
3362,43
3363,43
3364,43
3365,43
3366,43
3367,43
3368,43
3369,43
3370,37
3371,37
3372,37
3373,37
3374,37
3375,37
3376,37
3377,37
3378,37
3379,37
3380,36
3381,37
3382,37
3383,37
3384,38
3385,37
3386,37
3387,37
3388,37
3389,37
3390,37
3391,36
3392,37
3393,37
3394,37
3395,37
3396,37
3397,37
3398,37
3399,37
3400,37
3401,37
3402,37
3403,37
3404,37
3405,37
3406,37
3407,37
3408,37
3409,37
3410,37
3411,37
3412,37
3413,37
3414,37
3415,37
3416,37
3417,37
3418,37
3419,37
3420,37
3421,37
3422,37
3423,37
3424,37
3425,37
3426,37
3427,37
3428,37
3429,37
3430,37
3431,37
3432,37
3433,36
3434,37
3435,37
3436,37
3437,37
3438,37
3439,37
3440,37
3441,37
3442,37
3443,37
3444,36
3445,36
3446,37
3447,37
3448,37
3449,43
3450,43
3451,43
3452,43
3453,43
3454,42
3455,43
3456,43
3457,43
3458,43
3459,43
3460,43
3461,43
3462,43
3463,44
3464,43
3465,43
3466,42
3467,43
3468,43
3469,43
3470,44
3471,43
3472,43
3473,42
3474,43
3475,43
3476,43
3477,43
3478,43
3479,44
3480,43
3481,33
3482,31
3483,31
3484,31
3485,31
3486,30
3487,31
3488,31
3489,31
3490,31
3491,31
3492,31
3493,31
3494,31
3495,31
3496,32
3497,31
3498,31
3499,31
3500,30
3501,31
3502,31
3503,31
3504,31
3505,31
3506,31
3507,31
3508,32
3509,31
3510,31
3511,31
3512,31
3513,30
3514,31
3515,31
3516,31
3517,31
3518,31
3519,31
3520,31
3521,31
3522,31
3523,31
3524,31
3525,31
3526,31
3527,31
3528,31
3529,31
3530,31
3531,31
3532,31
3533,31
3534,31
3535,30
3536,30
3537,30
3538,31
3539,31
3540,31
3541,31
3542,30
3543,31
3544,31
3545,31
3546,31
3547,31
3548,31
3549,31
3550,31
3551,31
3552,30
3553,31
3554,31
3555,31
3556,31
3557,31
3558,31
3559,31
3560,30
3561,31
3562,31
3563,31
3564,31
3565,31
3566,31
3567,31
3568,31
3569,31
3570,31
3571,31
3572,31
3573,31
3574,31
3575,31
3576,31
3577,31
3578,31
3579,31
3580,31
3581,30
3582,31
3583,31
3584,31
3585,31
3586,31
3587,31
3588,31
3589,31
3590,31
3591,31
3592,31
3593,31
3594,31
3595,31
3596,31
3597,31
3598,31
3599,31
3600,31
3601,31
3602,32
3603,31
3604,31
3605,31
3606,31
3607,31
3608,31
3609,31
3610,31
3611,31
3612,31
3613,31
3614,31
3615,31
3616,31
3617,31
3618,31
3619,31
3620,31
3621,31
3622,31
3623,31
3624,31
3625,31
3626,30
3627,31
3628,31
3629,31
3630,31
3631,31
3632,31
3633,31
3634,32
3635,31
3636,31
3637,31
3638,31
3639,31
3640,31
3641,31
3642,31
3643,31
3644,30
3645,30
3646,31
3647,31
3648,31
3649,31
3650,31
3651,31
3652,31
3653,31
3654,31
3655,31
3656,37
3657,37
3658,37
3659,37
3660,37
3661,37
3662,37
3663,37
3664,37
3665,37
3666,37
3667,37
3668,37
3669,37
3670,37
3671,37
3672,38
3673,37
3674,37
3675,31
3676,31
3677,31
3678,31
3679,31
3680,31
3681,31
3682,31
3683,32
3684,31
3685,31
3686,31
3687,31
3688,31
3689,31
3690,31
3691,30
3692,32
3693,31
3694,31
3695,31
3696,31
3697,31
3698,31
3699,31
3700,30
3701,31
3702,31
3703,31
3704,31
3705,31
3706,31
3707,31
3708,31
3709,31
3710,31
3711,31
3712,31
3713,31
3714,31
3715,31
3716,31
3717,31
3718,31
3719,31
3720,31
3721,31
3722,31
3723,31
3724,31
3725,31
3726,31
3727,31
3728,31
3729,31
3730,31
3731,31
3732,31
3733,31
3734,31
3735,31
3736,31
3737,31
3738,31
3739,31
3740,31
3741,31
3742,31
3743,31
3744,31
3745,30
3746,31
3747,31
3748,31
3749,31
3750,31
3751,31
3752,31
3753,31
3754,37
3755,37
3756,37
3757,37
3758,37
3759,37
3760,37
3761,37
3762,37
3763,37
3764,37
3765,37
3766,37
3767,37
3768,37
3769,37
3770,37
3771,37
3772,37
3773,37
3774,37
3775,38
3776,37
3777,37
3778,37
3779,37
3780,38
3781,37
3782,37
3783,37
3784,37
3785,37
3786,37
3787,37
3788,38
3789,37
3790,37
3791,37
3792,37
3793,38
3794,37
3795,37
3796,37
3797,37
3798,37
3799,37
3800,37
3801,37
3802,37
3803,37
3804,37
3805,37
3806,37
3807,37
3808,37
3809,37
3810,37
3811,37
3812,37
3813,37
3814,37
3815,37
3816,38
3817,37
3818,37
3819,37
3820,37
3821,37
3822,37
3823,37
3824,36
3825,37
3826,37
3827,37
3828,37
3829,37
3830,37
3831,36
3832,37
3833,37
3834,38
3835,37
3836,37
3837,43
3838,43
3839,43
3840,43
3841,43
3842,43
3843,43
3844,43
3845,43
3846,43
3847,43
3848,43
3849,43
3850,43
3851,44
3852,43
3853,43
3854,43
3855,43
3856,43
3857,43
3858,43
3859,43
3860,43
3861,43
3862,44
3863,43
3864,44
3865,43
3866,43
3867,43
3868,43
3869,43
3870,42
3871,43
3872,43
3873,42
3874,43
3875,43
3876,43
3877,43
3878,43
3879,43
3880,43
3881,43
3882,43
3883,42
3884,43
3885,43
3886,43
3887,43
3888,43
3889,43
3890,43
3891,43
3892,43
3893,43
3894,43
3895,43
3896,43
3897,43
3898,43
3899,43
3900,43
3901,43
3902,43
3903,43
3904,43
3905,43
3906,43
3907,43
3908,31
3909,31
3910,31
3911,32
3912,31
3913,31
3914,31
3915,31
3916,31
3917,31
3918,31
3919,31
3920,31
3921,31
3922,31
3923,31
3924,31
3925,31
3926,31
3927,32
3928,31
3929,31
3930,31
3931,32
3932,31
3933,31
3934,31
3935,31
3936,31
3937,31
3938,31
3939,31
3940,31
3941,31
3942,31
3943,31
3944,31
3945,31
3946,31
3947,31
3948,31
3949,31
3950,31
3951,31
3952,31
3953,31
3954,31
3955,31
3956,31
3957,31
3958,31
3959,31
3960,31
3961,31
3962,31
3963,31
3964,31
3965,31
3966,31
3967,31
3968,31
3969,31
3970,31
3971,31
3972,31
3973,31
3974,31
3975,31
3976,31
3977,31
3978,31
3979,31
3980,31
3981,31
3982,30
3983,31
3984,31
3985,31
3986,31
3987,30
3988,31
3989,31
3990,31
3991,30
3992,31
3993,31
3994,31
3995,31
3996,31
3997,31
3998,31
3999,31
4000,31
4001,31
4002,31
4003,31
4004,31
4005,31
4006,31
4007,31
4008,31
4009,31
4010,31
4011,31
4012,31
4013,31
4014,31
4015,31
4016,31
4017,31
4018,31
4019,31
4020,31
4021,31
4022,31
4023,31
4024,31
4025,31
4026,31
4027,30
4028,31
4029,31
4030,31
4031,31
4032,31
4033,31
4034,31
4035,31
4036,31
4037,31
4038,31
4039,31
4040,32
4041,31
4042,31
4043,30
4044,31
4045,31
4046,31
4047,31
4048,31
4049,31
4050,31
4051,31
4052,31
4053,31
4054,31
4055,31
4056,31
4057,31
4058,31
4059,37
4060,36
4061,37
4062,37
4063,37
4064,37
4065,37
4066,37
4067,37
4068,37
4069,37
4070,37
4071,37
4072,37
4073,37
4074,36
4075,37
4076,37
4077,37
4078,38
4079,37
4080,37
4081,37
4082,37
4083,37
4084,37
4085,37
4086,36
4087,37
4088,37
4089,37
4090,37
4091,37
4092,37
4093,37
4094,37
4095,37
4096,37
4097,36
4098,37
4099,37
4100,37
4101,37
4102,37
4103,37
4104,37
4105,37
4106,37
4107,37
4108,37
4109,37
4110,37
4111,37
4112,37
4113,37
4114,36
4115,38
4116,37
4117,37
4118,37
4119,37
4120,37
4121,38
4122,37
4123,37
4124,37
4125,36
4126,37
4127,37
4128,37
4129,36
4130,37
4131,37
4132,36
4133,36
4134,37
4135,37
4136,37
4137,37
4138,38
4139,36
4140,37
4141,37
4142,37
4143,37
4144,37
4145,37
4146,37
4147,37
4148,37
4149,36
4150,37
4151,37
4152,37
4153,37
4154,38
4155,37
4156,37
4157,38
4158,37
4159,37
4160,37
4161,37
4162,37
4163,37
4164,36
4165,37
4166,37
4167,37
4168,37
4169,37
4170,37
4171,37
4172,37
4173,37
4174,37
4175,37
4176,37
4177,37
4178,37
4179,37
4180,37
4181,37
4182,37
4183,38
4184,37
4185,37
4186,37
4187,37
4188,37
4189,37
4190,37
4191,37
4192,37
4193,37
4194,37
4195,37
4196,37
4197,37
4198,37
4199,38
4200,37
4201,37
4202,37
4203,37
4204,37
4205,37
4206,37
4207,37
4208,37
4209,37
4210,37
4211,37
4212,37
4213,37
4214,37
4215,37
4216,37
4217,37
4218,37
4219,37
4220,37
4221,38
4222,37
4223,37
4224,37
4225,37
4226,37
4227,37
4228,36
4229,37
4230,37
4231,36
4232,36
4233,37
4234,37
4235,37
4236,37
4237,37
4238,37
4239,37
4240,37
4241,37
4242,37
4243,37
4244,37
4245,38
4246,37
4247,37
4248,37
4249,37
4250,37
4251,37
4252,37
4253,37
4254,37
4255,37
4256,36
4257,37
4258,37
4259,37
4260,37
4261,37
4262,37
4263,37
4264,37
4265,37
4266,37
4267,37
4268,37
4269,37
4270,37
4271,37
4272,37
4273,37
4274,37
4275,37
4276,37
4277,37
4278,37
4279,38
4280,37
4281,37
4282,37
4283,37
4284,37
4285,37
4286,37
4287,37
4288,37
4289,37
4290,37
4291,37
4292,37
4293,36
4294,37
4295,37
4296,37
4297,37
4298,37
4299,37
4300,43
4301,43
4302,43
4303,43
4304,43
4305,43
4306,43
4307,43
4308,43
4309,43
4310,43
4311,43
4312,43
4313,43
4314,44
4315,43
4316,43
4317,43
4318,43
4319,43
4320,43
4321,43
4322,44
4323,43
4324,43
4325,43
4326,44
4327,43
4328,43
4329,43
4330,43
4331,44
4332,43
4333,43
